COD_CARRERA,NOMBRE_CARRERA,LUGAR_IMPARTE
12007,ACTUACIÓN (PE) (25),SANTIAGO
12071,ADMINISTRACIÓN PÚBLICA (3),SANTIAGO
12013,AGRONOMÍA E INGENIERÍA FORESTAL,SANTIAGO
12022,ANTROPOLOGÍA-ARQUEOLOGÍA,SANTIAGO
12004,ARQUITECTURA (23),SANTIAGO
12005,ARTE,SANTIAGO
12032,ASTRONOMÍA,SANTIAGO
12011,BIOLOGÍA,SANTIAGO
12012,BIOLOGÍA MARINA,SANTIAGO
12010,BIOQUÍMICA,SANTIAGO
12037,CIENCIA POLÍTICA,SANTIAGO
12026,COLLEGE ARTES Y HUMANIDADES (1),SANTIAGO
12027,COLLEGE CIENCIAS NATURALES Y MATEMÁTICAS (1),SANTIAGO
12028,COLLEGE CIENCIAS SOCIALES (1),SANTIAGO
12038,CONSTRUCCIÓN CIVIL,SANTIAGO
12021,DERECHO,SANTIAGO
12006,DISEÑO (24),SANTIAGO
12057,ENFERMERÍA (4),SANTIAGO
12049,ESTADÍSTICA,SANTIAGO
12030,FILOSOFÍA,SANTIAGO
12031,FÍSICA,SANTIAGO
12062,FONOAUDIOLOGÍA,SANTIAGO
12034,GEOGRAFÍA,SANTIAGO
12035,HISTORIA,SANTIAGO
12039,INGENIERÍA,SANTIAGO
12014,INGENIERÍA COMERCIAL,SANTIAGO
12101,INGENIERÍA EN RECURSOS NATURALES (5),SANTIAGO
12061,KINESIOLOGÍA,SANTIAGO
12008,LETRAS HISPÁNICAS (8),SANTIAGO
12009,LETRAS INGLESAS (9),SANTIAGO
12089,LICENCIATURA  EN  INGENIERÍA  EN  CIENCIA  DE DATOS (6),SANTIAGO
12100,LICENCIATURA EN INGENIERÍA EN CIENCIA DE LA COMPUTACIÓN (7),SANTIAGO
12029,LICENCIATURA EN INTERPRETACIÓN MUSICAL (PE) (27),SANTIAGO
12059,LICENCIATURA EN MÚSICA (PE) (26),SANTIAGO
12051,MATEMÁTICA,SANTIAGO
12058,MEDICINA,SANTIAGO
12033,MEDICINA VETERINARIA (10),SANTIAGO
12060,NUTRICIÓN Y DIETÉTICA,SANTIAGO
12056,ODONTOLOGÍA,SANTIAGO
12088,PEDAGOGÍA EN EDUCACIÓN ESPECIAL (12),SANTIAGO
12050,PEDAGOGÍA EN EDUCACIÓN FÍSICA Y SALUD PARA EDUCACIÓN BÁSICA Y MEDIA (13),SANTIAGO
12024,PEDAGOGÍA EN EDUCACIÓN GENERAL BÁSICA (21),SANTIAGO
12096,PEDAGOGÍA EN EDUCACIÓN GENERAL BÁSICA (22),VILLARRICA
12041,PEDAGOGÍA EN EDUCACIÓN MEDIA EN CIENCIAS NATURALES Y BIOLOGÍA (15),SANTIAGO
12044,PEDAGOGÍA EN EDUCACIÓN MEDIA EN FÍSICA (18),SANTIAGO
12043,PEDAGOGÍA EN EDUCACIÓN MEDIA EN MATEMÁTICA (17),SANTIAGO
12042,PEDAGOGÍA EN EDUCACIÓN MEDIA EN QUÍMICA (16),SANTIAGO
12025,PEDAGOGÍA EN EDUCACIÓN PARVULARIA (19),SANTIAGO
12097,PEDAGOGÍA EN EDUCACIÓN PARVULARIA (20),VILLARRICA
12070,PEDAGOGÍA EN INGLÉS PARA EDUCACIÓN BÁSICA Y MEDIA (14),SANTIAGO
12046,"PERIODISMO - DIRECCIÓN AUDIOVISUAL
- PUBLICIDAD",SANTIAGO
12017,PSICOLOGÍA,SANTIAGO
12054,QUÍMICA,SANTIAGO
12055,QUÍMICA Y FARMACIA,SANTIAGO
12019,SOCIOLOGÍA (2),SANTIAGO
12015,TEOLOGÍA,SANTIAGO
12052,TERAPIA OCUPACIONAL (11),SANTIAGO
12018,TRABAJO SOCIAL,SANTIAGO
58001,AGRONOMÍA (6),CHILLÁN
58182,DERECHO,CHILLÁN
58020,EDUCACIÓN PARVULARIA (1) (2) (7),CHILLÁN
58036,ENFERMERÍA,CHILLÁN
58029,INGENIERÍA CIVIL EN INFORMÁTICA,CHILLÁN
58148,INGENIERÍA CIVIL INDUSTRIAL,CHILLÁN
58004,INGENIERÍA COMERCIAL,CHILLÁN
58150,NUTRICIÓN Y DIETÉTICA,CHILLÁN
58149,OBSTETRICIA Y PUERICULTURA,CHILLÁN
58138,PEDAGOGÍA EN EDUCACIÓN DIFERENCIAL MENCIÓN DIFICULTADES ESPECÍFICAS DEL APRENDIZAJE (1) (2),CHILLÁN
58041,PEDAGOGÍA EN EDUCACIÓN FÍSICA (1) (2) (4),CHILLÁN
58013,PEDAGOGÍA EN EDUCACIÓN GENERAL BÁSICA CON MENCIÓN (1) (2) (3),CHILLÁN
58017,PEDAGOGÍA EN INGLÉS (1) (2),CHILLÁN
58019,PEDAGOGÍA EN MÚSICA MENCIÓN EDUCACIÓN EXTRAESCOLAR (1) (2),CHILLÁN
58113,PSICOLOGÍA (5),CHILLÁN
58202,QUÍMICA Y FARMACIA,CHILLÁN
58166,TERAPIA OCUPACIONAL,CHILLÁN
58023,TRABAJO SOCIAL,CHILLÁN
41023,ADMINISTRACIÓN EN ECOTURISMO,SANTIAGO
41072,ADMINISTRACIÓN EN ECOTURISMO,VIÑA DEL MAR
41107,ADMINISTRACIÓN EN ECOTURISMO,CONCEPCIÓN
41000,ARQUITECTURA,SANTIAGO
41061,ARQUITECTURA,VIÑA DEL MAR
41209,ARQUITECTURA,CONCEPCIÓN
41003,ARTES VISUALES,SANTIAGO
41215,BACHILLERATO EN CIENCIAS DE LA SALUD (LAS CONDES)(5),SANTIAGO
41212,BACHILLERATO EN CIENCIAS DE LA SALUD (REPÚBLICA) (5),SANTIAGO
41213,BACHILLERATO EN CIENCIAS DE LA SALUD(5),VIÑA DEL MAR
41214,BACHILLERATO EN CIENCIAS DE LA SALUD(5),CONCEPCIÓN
41007,BIOLOGÍA,SANTIAGO
41022,BIOLOGÍA MARINA,SANTIAGO
41005,BIOQUÍMICA,SANTIAGO
41222,COMPUTER SCIENCE ENGINEERING,SANTIAGO
41027,CONTADOR AUDITOR,SANTIAGO
41075,CONTADOR AUDITOR,VIÑA DEL MAR
41021,DERECHO  (BELLAVISTA) (4),SANTIAGO
41071,DERECHO (4),VIÑA DEL MAR
41106,DERECHO (4),CONCEPCIÓN
41203,DERECHO (LAS CONDES) (4),SANTIAGO
41139,DISEÑO DE JUEGOS DIGITALES,SANTIAGO
41211,DISEÑO DE JUEGOS DIGITALES,CONCEPCIÓN
41138,DISEÑO DE VESTUARIO Y TEXTIL,SANTIAGO
41002,DISEÑO GRÁFICO,SANTIAGO
41037,EDUCACIÓN PARVULARIA(3),SANTIAGO
41082,EDUCACIÓN PARVULARIA(3),VIÑA DEL MAR
41078,ENFERMERÍA,VIÑA DEL MAR
41111,ENFERMERÍA,CONCEPCIÓN
41216,ENFERMERÍA (LAS CONDES),SANTIAGO
41032,ENFERMERÍA (REPÚBLICA),SANTIAGO
41199,ENTRENADOR DEPORTIVO,SANTIAGO
41200,ENTRENADOR DEPORTIVO,VIÑA DEL MAR
41201,ENTRENADOR DEPORTIVO,CONCEPCIÓN
41008,FONOAUDIOLOGÍA,SANTIAGO
41156,FONOAUDIOLOGÍA,CONCEPCIÓN
41163,FONOAUDIOLOGÍA,VIÑA DEL MAR
41043,GEOLOGÍA,SANTIAGO
41088,GEOLOGÍA,VIÑA DEL MAR
41118,GEOLOGÍA,CONCEPCIÓN
41024,INGENIERÍA AMBIENTAL,SANTIAGO
41044,INGENIERÍA CIVIL,SANTIAGO
41204,INGENIERÍA CIVIL ELÉCTRICA,SANTIAGO
41134,INGENIERÍA CIVIL EN MINAS,VIÑA DEL MAR
41153,INGENIERÍA CIVIL EN MINAS,CONCEPCIÓN
41130,INGENIERÍA CIVIL EN MINAS,SANTIAGO
41089,INGENIERÍA CIVIL INDUSTRIAL,VIÑA DEL MAR
41121,INGENIERÍA CIVIL INDUSTRIAL,CONCEPCIÓN
41046,INGENIERÍA CIVIL INDUSTRIAL (ANTONIO VARAS),SANTIAGO
41206,INGENIERÍA CIVIL INDUSTRIAL (LAS CONDES),SANTIAGO
41208,INGENIERÍA CIVIL INFORMÁTICA,CONCEPCIÓN
41162,INGENIERÍA CIVIL INFORMÁTICA,VIÑA DEL MAR
41045,INGENIERÍA CIVIL INFORMÁTICA (ANTONIO VARAS),SANTIAGO
41207,INGENIERÍA CIVIL INFORMÁTICA (LAS CONDES),SANTIAGO
41129,INGENIERÍA COMERCIAL  (BELLAVISTA) (1),SANTIAGO
41076,INGENIERÍA COMERCIAL (1),VIÑA DEL MAR
41109,INGENIERÍA COMERCIAL (1),CONCEPCIÓN
41028,INGENIERÍA COMERCIAL (LAS CONDES) (1),SANTIAGO
41029,INGENIERÍA EN ADMINISTRACIÓN DE EMPRESAS,SANTIAGO
41077,INGENIERÍA EN ADMINISTRACIÓN DE EMPRESAS,VIÑA DEL MAR
41030,INGENIERÍA EN ADMINISTRACIÓN HOTELERA INTERNACIONAL (2),SANTIAGO
41047,INGENIERÍA EN AUTOMATIZACIÓN Y ROBÓTICA,SANTIAGO
41218,INGENIERÍA EN AUTOMATIZACIÓN Y ROBÓTICA,CONCEPCIÓN
41006,INGENIERÍA EN BIOTECNOLOGÍA,SANTIAGO
41064,INGENIERÍA EN BIOTECNOLOGÍA,VIÑA DEL MAR
41048,INGENIERÍA EN COMPUTACIÓN E INFORMÁTICA,SANTIAGO
41090,INGENIERÍA EN COMPUTACIÓN E INFORMÁTICA,VIÑA DEL MAR
41049,INGENIERÍA EN CONSTRUCCIÓN,SANTIAGO
41091,INGENIERÍA EN MARINA MERCANTE  (7),VIÑA DEL MAR
41123,INGENIERÍA EN MARINA MERCANTE  (7),CONCEPCIÓN
41217,INGENIERÍA EN NEGOCIOS INTERNACIONALES,SANTIAGO
41223,INGENIERÍA EN NEGOCIOS INTERNACIONALES,CONCEPCIÓN
41224,INGENIERÍA EN NEGOCIOS INTERNACIONALES,VIÑA DEL MAR
41031,INGENIERÍA EN TURISMO Y HOTELERÍA (2),SANTIAGO
41136,INGENIERÍA EN TURISMO Y HOTELERÍA (2),VIÑA DEL MAR
41011,INGENIERÍA FÍSICA,SANTIAGO
41055,INGENIERÍA INDUSTRIAL,SANTIAGO
41221,INTERNATIONAL BUSINESS,SANTIAGO
41009,KINESIOLOGÍA,SANTIAGO
41066,KINESIOLOGÍA,VIÑA DEL MAR
41102,KINESIOLOGÍA,CONCEPCIÓN
41012,LICENCIATURA EN ASTRONOMÍA,SANTIAGO
41219,LICENCIATURA EN ASTRONOMÍA,CONCEPCIÓN
41013,LICENCIATURA EN FÍSICA,SANTIAGO
41039,LICENCIATURA EN HISTORIA,SANTIAGO
41040,LICENCIATURA EN LETRAS,SANTIAGO
41056,MEDICINA,SANTIAGO
41095,MEDICINA,VIÑA DEL MAR
41164,MEDICINA,CONCEPCIÓN
41026,MEDICINA VETERINARIA,SANTIAGO
41165,MEDICINA VETERINARIA,VIÑA DEL MAR
41197,MEDICINA VETERINARIA,CONCEPCIÓN
41057,NUTRICIÓN Y DIETÉTICA,SANTIAGO
41096,NUTRICIÓN Y DIETÉTICA,VIÑA DEL MAR
41125,NUTRICIÓN Y DIETÉTICA,CONCEPCIÓN
41159,OBSTETRICIA,CONCEPCIÓN
41168,OBSTETRICIA,SANTIAGO
41169,OBSTETRICIA,VIÑA DEL MAR
41060,ODONTOLOGÍA,SANTIAGO
41099,ODONTOLOGÍA,VIÑA DEL MAR
41127,ODONTOLOGÍA,CONCEPCIÓN
41034,PEDAGOGÍA EN EDUCACIÓN FÍSICA (3),SANTIAGO
41080,PEDAGOGÍA EN EDUCACIÓN FÍSICA (3),VIÑA DEL MAR
41041,PEDAGOGÍA   EN   INGLÉS   PARA   LA   ENSEÑANZA BÁSICA Y MEDIA (2)(3),SANTIAGO
41086,PEDAGOGÍA   EN   INGLÉS   PARA   LA   ENSEÑANZA BÁSICA Y MEDIA (2)(3),VIÑA DEL MAR
41116,PEDAGOGÍA   EN   INGLÉS   PARA   LA   ENSEÑANZA BÁSICA Y MEDIA (2)(3),CONCEPCIÓN
41019,PERIODISMO,SANTIAGO
41015,PSICOLOGÍA,SANTIAGO
41068,PSICOLOGÍA,VIÑA DEL MAR
41104,PSICOLOGÍA,CONCEPCIÓN
41042,PSICOPEDAGOGÍA,SANTIAGO
41087,PSICOPEDAGOGÍA,VIÑA DEL MAR
41020,PUBLICIDAD,SANTIAGO
41210,PUBLICIDAD,CONCEPCIÓN
41058,QUÍMICA Y FARMACIA,SANTIAGO
41097,QUÍMICA Y FARMACIA,VIÑA DEL MAR
41167,QUÍMICA Y FARMACIA,CONCEPCIÓN
41016,SOCIOLOGÍA,SANTIAGO
41098,TECNOLOGÍA MÉDICA  (8),VIÑA DEL MAR
41126,TECNOLOGÍA MÉDICA  (9),CONCEPCIÓN
41059,TECNOLOGÍA MEDICA (6),SANTIAGO
41010,TERAPIA OCUPACIONAL,SANTIAGO
41067,TERAPIA OCUPACIONAL,VIÑA DEL MAR
41103,TERAPIA OCUPACIONAL,CONCEPCIÓN
41017,TRABAJO SOCIAL,SANTIAGO
41070,TRABAJO SOCIAL,VIÑA DEL MAR
23083,ADMINISTRACIÓN Y GESTIÓN PÚBLICA (23),IQUIQUE
23046,AGRONOMÍA (2),IQUIQUE
23025,ARQUITECTURA (7),IQUIQUE
23007,BIOLOGÍA MARINA (1),IQUIQUE
23063,CONTADOR  PÚBLICO Y AUDITOR (12),IQUIQUE
23016,DERECHO (6),IQUIQUE
23018,DERECHO (6),VICTORIA
23010,EDUCACIÓN PARVULARIA (4) (21),IQUIQUE
23026,ENFERMERÍA (8),IQUIQUE
23060,ENFERMERÍA (8),VICTORIA
23078,FONOAUDIOLOGÍA (9),IQUIQUE
23058,INGENIERÍA CIVIL AMBIENTAL (11),IQUIQUE
23074,INGENIERÍA CIVIL DE MINAS (11),IQUIQUE
23075,INGENIERÍA CIVIL ELECTRÓNICA (11),IQUIQUE
23048,INGENIERÍA CIVIL EN COMPUTACIÓN E INFORMÁTICA (11),IQUIQUE
23012,INGENIERÍA CIVIL INDUSTRIAL (11),IQUIQUE
23024,INGENIERÍA CIVIL METALÚRGICA (11),IQUIQUE
23013,INGENIERÍA COMERCIAL (20),IQUIQUE
23085,"INGENIERÍA COMERCIAL, MENCIÓN GESTIÓN ESTRATÉGICA (26)",VICTORIA
23056,INGENIERÍA EN BIOTECNOLOGÍA (3),IQUIQUE
23062,INGENIERÍA EN INFORMACIÓN Y CONTROL DE GESTIÓN (14),IQUIQUE
23065,KINESIOLOGÍA (15),IQUIQUE
23068,KINESIOLOGÍA (15),VICTORIA
23077,ODONTOLOGÍA (16) (22),IQUIQUE
23029,"PEDAGOGÍA EN EDUCACIÓN BÁSICA CON MENCIÓN EN LENGUAJE Y CIENCIAS SOCIALES O MENCIÓN EN
MATEMÁTICA Y CIENCIAS NATURALES (4) (19) (21)",IQUIQUE
23082,PEDAGOGÍA EN EDUCACIÓN DIFERENCIAL MENCIÓN EN DIFICULTADES DE APRENDIZAJE (4),IQUIQUE
23073,"PEDAGOGÍA EN EDUCACIÓN FÍSICA PARA PRE-ESCOLAR, BÁSICA Y MEDIA (4) (21)",IQUIQUE
23069,"PEDAGOGÍA EN INGLÉS, PARA ENSEÑANZA PRE-ESCOLAR, BÁSICA Y MEDIA (4) (21)",IQUIQUE
23054,PEDAGOGÍA EN LENGUA CASTELLANA Y COMUNICACIÓN (4) (21),IQUIQUE
23052,PEDAGOGÍA EN MATEMÁTICA Y FÍSICA (4) (21),IQUIQUE
23061,PSICOLOGÍA (17),VICTORIA
23070,PSICOLOGÍA (17),IQUIQUE
23047,QUÍMICA Y FARMACIA (10),IQUIQUE
23015,SOCIOLOGÍA (5),IQUIQUE
23059,TRABAJO SOCIAL (13),IQUIQUE
23081,TRADUCCIÓN INGLÉS CASTELLANO INGLÉS MENCIÓN FRANCÉS (18),IQUIQUE
37062,ADMINISTRACIÓN PÚBLICA(1),TEMUCO
37014,AGRONOMÍA(1),TEMUCO
37001,ANTROPOLOGÍA(1),TEMUCO
37091,ARQUEOLOGÍA(1),TEMUCO
37092,ARQUITECTURA(1),TEMUCO
37090,BACHILLER  EN  CIENCIAS  Y  HUMANIDADES(1) (2),TEMUCO
37041,CIENCIA POLÍTICA(1),TEMUCO
37055,CONTADOR AUDITOR(1),TEMUCO
37040,DERECHO,TEMUCO
37095,DISEÑO(1),TEMUCO
37023,EDUCACIÓN DE PARVULOS(1)(3),TEMUCO
37065,FONOAUDIOLOGÍA,TEMUCO
37069,GEOLOGÍA(1),TEMUCO
37013,INGENIERÍA CIVIL AMBIENTAL(1),TEMUCO
37018,INGENIERÍA CIVIL EN INFORMÁTICA(1),TEMUCO
37056,INGENIERÍA CIVIL EN OBRAS CIVILES(1),TEMUCO
37058,INGENIERÍA CIVIL GEOLÓGICA(1),TEMUCO
37019,INGENIERÍA CIVIL INDUSTRIAL(1),TEMUCO
37054,INGENIERÍA CIVIL PLAN COMÚN(1)(4),TEMUCO
37020,INGENIERÍA COMERCIAL(1),TEMUCO
37098,INGENIERÍA ELÉCTRICA (1),TEMUCO
37097,INGENIERÍA EN CONSTRUCCIÓN (1),TEMUCO
37050,INGENIERÍA EN RECURSOS NATURALES RENOVABLES(1),TEMUCO
37064,KINESIOLOGÍA,TEMUCO
37005,LICENCIATURA EN ARTES VISUALES(1),TEMUCO
37096,LICENCIATURA EN FILOSOFÍA(1),TEMUCO
37102,MEDICINA,TEMUCO
37011,MEDICINA VETERINARIA(1),TEMUCO
37067,NUTRICIÓN Y DIETÉTICA,TEMUCO
37101,OFICIOS CREATIVOS (1),TEMUCO
37022,PEDAGOGÍA EN EDUCACIÓN BÁSICA CON MENCIÓN(1) (3) (6),TEMUCO
37027,"PEDAGOGÍA EN EDUCACIÓN DIFERENCIAL CON ESP. EN  N.E.E.T. Y
DISCAPACIDAD INTELECTUAL (1)(3)(5)",TEMUCO
37048,PEDAGOGÍA EN EDUCACIÓN FÍSICA(1)(3),TEMUCO
37047,"PEDAGOGÍA EN HISTORIA, GEOGRAFÍA Y CIENCIAS SOCIALES (1)(3)",TEMUCO
37026,PEDAGOGÍA EN INGLES(1)(3),TEMUCO
37046,PEDAGOGÍA EN LENGUA CASTELLANA Y COMUNICACIÓN (1) (3),TEMUCO
37100,PEDAGOGÍA EN LENGUA Y CULTURA MAPUCHE (1) (3),TEMUCO
37029,PEDAGOGÍA MEDIA EN MATEMÁTICA(1)(3),TEMUCO
37061,PSICOLOGÍA(1),TEMUCO
37099,QUÍMICA Y FARMACIA,TEMUCO
37042,SOCIOLOGÍA(1),TEMUCO
37068,TECNOLOGÍA MEDICA (7),TEMUCO
37066,TERAPIA OCUPACIONAL(1),TEMUCO
37004,TRABAJO SOCIAL(1),TEMUCO
37035,TRADUCCIÓN INGLES-ESPAÑOL(1),TEMUCO
35064,ADMINISTRACIÓN PÚBLICA,CURICÓ
35029,AGRONOMÍA (5),CURICÓ (LOS NICHES)
35072,ARQUITECTURA (4),TALCA
35082,BACHILLERATO EN CIENCIAS BIOMÉDICAS,TALCA
35079,BIOINGENIERÍA MÉDICA,TALCA
35060,CONSTRUCCIÓN CIVIL (VESPERTINA) (6),TALCA
35074,CONTADOR PÚBLICO Y AUDITOR (3),TALCA
35075,CONTADOR PÚBLICO Y AUDITOR (3),CURICÓ
35062,DERECHO,TALCA
35002,ENFERMERÍA (3),TALCA
35006,ENFERMERÍA (3),CURICÓ
35078,GEOLOGÍA,TALCA
35058,INGENIERÍA CIVIL,TALCA
35065,INGENIERÍA CIVIL ELECTRÓNICA,TALCA
35057,INGENIERÍA CIVIL INDUSTRIAL,TALCA
35040,INGENIERÍA CIVIL INFORMÁTICA,TALCA
35056,INGENIERÍA COMERCIAL (7),TALCA
35091,"INGENIERÍA DE EJECUCIÓN EN ADMINISTRACIÓN
DE EMPRESAS (VESPERTINA)(6)",TALCA
35059,INGENIERÍA DE EJECUCIÓN EN COMPUTACIÓN E INFORMÁTICA (VESPERTINA) (6),TALCA
35089,INGENIERÍA DE EJECUCIÓN INDUSTRIAL (VESPERTINA)(6),TALCA
35083,INGENIERÍA EJECUCIÓN EN GEOMENSURA (VESPERTINA)(6),TALCA
35084,INGENIERÍA EN AUTOMATIZACIÓN Y CONTROL (VESPERTINA)(6),TALCA
35033,INGENIERÍA EN BIOTECNOLOGÍA,TALCA
35041,INGENIERÍA EN CONSTRUCCIÓN,TALCA
35069,INGENIERÍA EN ESTADÍSTICA (4),TALCA
35073,INGENIERÍA EN RECURSOS NATURALES (5),CURICÓ (LOS NICHES)
35085,INGENIERÍA MATEMÁTICA,TALCA
35001,KINESIOLOGÍA,TALCA
35005,MEDICINA,TALCA
35081,MEDICINA VETERINARIA (5),CURICÓ (LOS NICHES)
35007,NUTRICIÓN Y DIETÉTICA,CURICÓ
35090,OBSTETRICIA Y PUERICULTURA,CURICÓ
35018,"PED. EDUCACIÓN GENERAL BÁSICA: M/
LENGUAJE; MATEM. CS.NAT. Y CS.SOC. (3)(4)(8)",CURICÓ
35061,PED. EDUCACIÓN GENERAL BÁSICA:M/LENGUAJE; MATEM. CS.NAT. Y CS.SOC. (3)(4)(8),TALCA
35016,"PEDAGOGÍA EN CIENCIAS. M/ BIOLOGÍA,
QUÍMICA O FÍSICA (8)",TALCA
35011,PEDAGOGÍA EN EDUCACIÓN FÍSICA (1)(8),TALCA
35086,"PEDAGOGÍA EN EDUCACIÓN ESPECIAL
CON MENCIÓN  (3)(8)",CURICÓ
35020,PEDAGOGÍA EN EDUCACIÓN ESPECIAL CON MENCIÓN (3)(8),TALCA
35076,"PEDAGOGÍA EN EDUCACIÓN PARVULARIA
CON MENCIÓN (3)(4)(8)",TALCA
35077,"PEDAGOGÍA EN EDUCACIÓN PARVULARIA
CON MENCIÓN (3)(4)(8)",CURICÓ
35088,"PEDAGOGÍA EN HISTORIA, GEOGRAFÍA Y
CIENCIAS SOCIALES (8)",TALCA
35019,PEDAGOGÍA EN INGLES (2)(8),TALCA
35023,"PEDAGOGÍA EN LENGUA CASTELLANA
Y COMUNICACIÓN (8)",TALCA
35017,"PEDAGOGÍA EN
MATEMÁTICA Y COMPUTACIÓN (8)",TALCA
35013,PEDAGOGÍA EN RELIGIÓN Y FILOSOFÍA (8),TALCA
35004,PSICOLOGÍA(3)(4),TALCA
35087,PSICOLOGÍA(3)(4),CURICÓ
35071,QUÍMICA Y FARMACIA,TALCA
35055,SOCIOLOGÍA (7),TALCA
35068,TECNOLOGÍA MÉDICA CON MENCIÓN EN: IMAGENOLOGÍA U OFTALMOLOGÍA,TALCA
35080,TERAPIA OCUPACIONAL (4),CURICÓ
35052,TRABAJO SOCIAL (3),CURICÓ
35066,TRABAJO SOCIAL (3),TALCA
46313,ADMINISTRACIÓN PÚBLICA,CASA CENTRAL
46500,BACHILLERATO EN CIENCIAS Y HUMANIDADES,CASA CENTRAL
46304,CONTADOR PÚBLICO Y AUDITOR,CASA CENTRAL
46306,DERECHO,CASA CENTRAL
46103,EDUCACIÓN PARVULARIA,CASA CENTRAL
46403,ENFERMERÍA,CAMPUS LO CAÑAS
46120,ENTRENADOR DEPORTIVO,CAMPUS LO CAÑAS
46402,FONOAUDIOLOGÍA,CAMPUS LO CAÑAS
46501,INGENIERÍA CIVIL EN COMPUTACIÓN E INFORMÁTICA,CASA CENTRAL
46502,INGENIERÍA CIVIL INDUSTRIAL,CASA CENTRAL
46303,INGENIERÍA COMERCIAL,CASA CENTRAL
46504,INGENIERÍA EN CONTROL DE GESTIÓN,CASA CENTRAL
46401,KINESIOLOGÍA,CAMPUS LO CAÑAS
46405,NUTRICIÓN Y DIETÉTICA,CAMPUS LO CAÑAS
46105,PEDAGOGÍA EN CASTELLANO,CASA CENTRAL
46110,PEDAGOGÍA EN EDUCACIÓN ARTÍSTICA MENCIÓN ARTES MUSICALES O ARTES VISUALES,CASONA SAN ISIDRO
46101,PEDAGOGÍA EN EDUCACIÓN BÁSICA,CASA CENTRAL
46104,PEDAGOGÍA EN EDUCACIÓN DIFERENCIAL,CASA CENTRAL
46107,PEDAGOGÍA EN EDUCACIÓN FÍSICA,CAMPUS LO CAÑAS
46106,PEDAGOGÍA EN HISTORIA Y GEOGRAFÍA,CASA CENTRAL
46505,PEDAGOGÍA EN MATEMÁTICAS,CASA CENTRAL
46305,PSICOLOGÍA,CASA CENTRAL
46302,SOCIOLOGÍA,CASA CENTRAL
46406,TERAPIA OCUPACIONAL,CAMPUS LO CAÑAS
46301,TRABAJO SOCIAL,CASA CENTRAL
51100,ADMINISTRACIÓN PÚBLICA (1),SANTIAGO
51200,ADMINISTRACIÓN PÚBLICA (1),LA SERENA
51110,ARQUITECTURA,SANTIAGO
51210,ARQUITECTURA,LA SERENA
51111,ARQUITECTURA DEL PAISAJE,SANTIAGO
51101,CIENCIA POLÍTICA (2),SANTIAGO
51161,CONTADOR AUDITOR,SANTIAGO
51130,DERECHO (3),SANTIAGO
51230,DERECHO (3),LA SERENA
51180,EDUCACIÓN PARVULARIA (*),SANTIAGO
51150,ENFERMERÍA,SANTIAGO
51250,ENFERMERÍA,LA SERENA
51170,GEOLOGÍA,SANTIAGO
51270,GEOLOGÍA,LA SERENA
51175,INGENIERÍA CIVIL EN MINAS,SANTIAGO
51275,INGENIERÍA CIVIL EN MINAS,LA SERENA
51171,INGENIERÍA CIVIL EN OBRAS CIVILES,SANTIAGO
51174,INGENIERÍA CIVIL INDUSTRIAL,SANTIAGO
51274,INGENIERÍA CIVIL INDUSTRIAL,LA SERENA
51160,INGENIERÍA COMERCIAL,SANTIAGO
51260,INGENIERÍA COMERCIAL,LA SERENA
51163,INGENIERÍA EN ADMINISTRACIÓN DE EMPRESAS,SANTIAGO
51172,INGENIERÍA EN CONSTRUCCIÓN,SANTIAGO
51165,INGENIERÍA EN INFORMACIÓN Y CONTROL DE GESTIÓN,SANTIAGO
51154,KINESIOLOGÍA,SANTIAGO
51254,KINESIOLOGÍA,LA SERENA
51276,LICENCIATURA EN ASTRONOMÍA,LA SERENA
51156,MEDICINA,SANTIAGO
51173,INGENIERÍA CIVIL EN COMPUTACIÓN E INFORMÁTICA,SANTIAGO
51273,INGENIERÍA CIVIL EN COMPUTACIÓN E INFORMÁTICA,LA SERENA
51153,NUTRICIÓN Y DIETÉTICA,SANTIAGO
51253,NUTRICIÓN Y DIETÉTICA,LA SERENA
51255,OBSTETRICIA Y PUERICULTURA,LA SERENA
51182,PEDAGOGÍA EN EDUCACIÓN DIFERENCIAL (*) (4),SANTIAGO
51282,PEDAGOGÍA EN EDUCACIÓN DIFERENCIAL (*) (4),LA SERENA
51184,PEDAGOGÍA EN EDUCACIÓN FÍSICA (*),SANTIAGO
51284,PEDAGOGÍA EN EDUCACIÓN FÍSICA (*),LA SERENA
51181,PEDAGOGÍA EN EDUCACIÓN GENERAL BÁSICA (*)(5),SANTIAGO
51186,PEDAGOGÍA EN LENGUAJE Y COMUNICACIÓN (*),SANTIAGO
51185,PEDAGOGÍA EN MATEMÁTICA Y ESTADÍSTICA (*),SANTIAGO
51120,PERIODISMO,SANTIAGO
51140,PSICOLOGÍA (6),SANTIAGO
51240,PSICOLOGÍA (6),LA SERENA
51121,PUBLICIDAD,SANTIAGO
51141,SOCIOLOGÍA,SANTIAGO
51241,SOCIOLOGÍA,LA SERENA
51151,TECNOLOGÍA MÉDICA (7),SANTIAGO
51152,TERAPIA OCUPACIONAL,SANTIAGO
51252,TERAPIA OCUPACIONAL,LA SERENA
51142,TRABAJO SOCIAL,SANTIAGO
51242,TRABAJO SOCIAL,LA SERENA
27037,CONSTRUCCIÓN CIVIL (1) (16),COPIAPÓ
27040,DERECHO,COPIAPÓ
27080,ENFERMERÍA (2),COPIAPÓ
27009,GEOLOGÍA (3) (16),COPIAPÓ
27004,INGENIERÍA CIVIL EN COMPUTACIÓN E INFORMÁTICA (4) (16),COPIAPÓ
27003,INGENIERÍA CIVIL EN METALURGIA (4) (16),COPIAPÓ
27001,INGENIERÍA CIVIL EN MINAS (4) (16),COPIAPÓ
27005,INGENIERÍA CIVIL INDUSTRIAL (4) (16),COPIAPÓ
27063,INGENIERÍA COMERCIAL (5),COPIAPÓ
27050,KINESIOLOGÍA (6),COPIAPÓ
27031,"LICENCIATURA EN CIENCIAS MENCIONES ASTRONOMÍA Y FÍSICA, MEDIO AMBIENTE Y RECURSOS NATURALES O PALEONTOLOGÍA (17) (18)",COPIAPÓ
27021,LICENCIATURA EN EDUCACIÓN Y PEDAGOGÍA EN EDUCACIÓN FÍSICA (7)(9),COPIAPÓ
27023,LICENCIATURA EN EDUCACIÓN Y PEDAGOGÍA EN EDUCACIÓN GENERAL BÁSICA (7),COPIAPÓ
27028,LICENCIATURA EN EDUCACIÓN Y PEDAGOGÍA EN EDUCACIÓN PARVULARIA (7),COPIAPÓ
27027,LICENCIATURA EN EDUCACIÓN Y PEDAGOGÍA EN INGLÉS (7),COPIAPÓ
27022,"LICENCIATURA EN TRADUCTOLOGÍA Y TRADUCTOR E INTÉRPRETE INGLÉS
- ESPAÑOL (10)",COPIAPÓ
27070,MEDICINA (11),COPIAPÓ
27051,NUTRICIÓN Y DIETÉTICA (12),COPIAPÓ
27052,OBSTETRICIA Y PUERICULTURA (13),COPIAPÓ
27030,PEDAGOGÍA EN EDUCACIÓN DIFERENCIAL (7),COPIAPÓ
27032,"PEDAGOGÍA EN HISTORIA, GEOGRAFÍA Y CIENCIAS SOCIALES (7)",COPIAPÓ
27029,PEDAGOGÍA EN MATEMÁTICAS  (7),COPIAPÓ
27020,PSICOLOGÍA (14),COPIAPÓ
27043,TRABAJO SOCIAL (15),COPIAPÓ
25071,ADMINISTRACIÓN PÚBLICA (1),LA SERENA
25015,ARQUITECTURA (1) (3),LA SERENA
25061,AUDITORÍA (1),LA SERENA
25070,DERECHO (3) (5),LA SERENA
25066,DISEÑO (1),LA SERENA
25033,ENFERMERÍA (1),LA SERENA
25004,INGENIERÍA CIVIL (1) (3),LA SERENA
25005,INGENIERÍA CIVIL AMBIENTAL (1) (3),LA SERENA
25003,INGENIERÍA CIVIL DE MINAS (1) (3),LA SERENA
25006,INGENIERÍA CIVIL EN COMPUTACIÓN E INFORMÁTICA (1) (3),LA SERENA
25001,INGENIERÍA CIVIL INDUSTRIAL (1) (3),LA SERENA
25002,INGENIERÍA CIVIL MECÁNICA (1) (3),LA SERENA
25067,INGENIERÍA COMERCIAL (1),LA SERENA
25017,INGENIERÍA DE MINAS (1),LA SERENA
25069,INGENIERÍA EN ADMINISTRACIÓN DE EMPRESAS (1),LA SERENA
25019,INGENIERÍA EN BIOTECNOLOGÍA MENCIÓN EN ALIMENTOS O PROCESOS SUSTENTABLES (1) (3),LA SERENA
25010,INGENIERÍA EN CONSTRUCCIÓN (1),LA SERENA
25016,INGENIERÍA MECÁNICA (1),LA SERENA
25037,KINESIOLOGÍA (1),LA SERENA
25028,LICENCIATURA EN ASTRONOMÍA,LA SERENA
25046,LICENCIATURA EN MÚSICA,LA SERENA
25080,MEDICINA (1),LA SERENA
25036,ODONTOLOGÍA (1),LA SERENA
25024,PEDAGOGÍA EN BIOLOGÍA Y CIENCIAS NATURALES (2) (4),LA SERENA
25041,PEDAGOGÍA EN CASTELLANO Y FILOSOFÍA (2) (4),LA SERENA
25052,PEDAGOGÍA EN EDUCACIÓN DIFERENCIAL (2) (4),LA SERENA
25051,PEDAGOGÍA EN EDUCACIÓN GENERAL BÁSICA - LA SERENA (2) (4),LA SERENA
25053,PEDAGOGÍA  EN  EDUCACIÓN  GENERAL  BÁSICA  - OVALLE (2) (4),OVALLE
25044,PEDAGOGÍA EN EDUCACIÓN MUSICAL (2) (4),LA SERENA
25050,PEDAGOGÍA EN EDUCACIÓN PARVULARIA (2) (4),LA SERENA
25042,PEDAGOGÍA EN HISTORIA Y GEOGRAFÍA (2) (4),LA SERENA
25043,PEDAGOGÍA EN INGLÉS (2) (4),LA SERENA
25029,PEDAGOGÍA EN MATEMÁTICAS (2) (3) (4),LA SERENA
25025,PEDAGOGÍA EN MATEMÁTICAS Y FÍSICA (2) (4),LA SERENA
25065,PERIODISMO (1),LA SERENA
25064,PSICOLOGÍA (1),LA SERENA
25038,QUÍMICA (1),LA SERENA
25039,QUÍMICA Y FARMACIA (1) (3),LA SERENA
25063,TRADUCCIÓN INGLÉS - ESPAÑOL (1),LA SERENA
56201,ADMINISTRACIÓN PÚBLICA,SANTIAGO CENTRO
56102,AGRONOMÍA,PROVIDENCIA
56702,AGRONOMÍA,MELIPILLA
56103,ANIMACIÓN DIGITAL,PROVIDENCIA
56104,ARQUITECTURA,PROVIDENCIA
56205,COMUNICACIÓN AUDIOVISUAL Y MULTIMEDIA,SANTIAGO CENTRO
56106,CONSTRUCCIÓN CIVIL,PROVIDENCIA
56207,CONTADOR AUDITOR,SANTIAGO CENTRO
56108,DERECHO,PROVIDENCIA
56208,DERECHO,SANTIAGO CENTRO
56508,DERECHO,VIÑA DEL MAR
56608,DERECHO,CONCEPCIÓN
56129,DISEÑO,PROVIDENCIA
56209,EDUCACIÓN PARVULARIA,SANTIAGO CENTRO
56110,ENFERMERÍA,PROVIDENCIA
56210,ENFERMERÍA,SANTIAGO CENTRO
56310,ENFERMERÍA,LA FLORIDA
56410,ENFERMERÍA,MAIPÚ
56510,ENFERMERÍA,VIÑA DEL MAR
56610,ENFERMERÍA,CONCEPCIÓN
56211,FONOAUDIOLOGÍA,PROVIDENCIA
56511,FONOAUDIOLOGÍA,VIÑA DEL MAR
56611,FONOAUDIOLOGÍA,CONCEPCIÓN
56112,"GASTRONOMÍA Y
NEGOCIOS GASTRONÓMICOS",PROVIDENCIA
56213,INGENIERÍA CIVIL INDUSTRIAL,SANTIAGO CENTRO
56114,INGENIERÍA COMERCIAL,PROVIDENCIA
56314,INGENIERÍA COMERCIAL,LA FLORIDA
56514,INGENIERÍA COMERCIAL,VIÑA DEL MAR
56614,INGENIERÍA COMERCIAL,CONCEPCIÓN
56215,INGENIERÍA EN INFORMÁTICA,SANTIAGO CENTRO
56116,KINESIOLOGÍA,PROVIDENCIA
56216,KINESIOLOGÍA,SANTIAGO CENTRO
56316,KINESIOLOGÍA,LA FLORIDA
56416,KINESIOLOGÍA,MAIPÚ
56516,KINESIOLOGÍA,VIÑA DEL MAR
56616,KINESIOLOGÍA,CONCEPCIÓN
56117,LICENCIATURA EN CIENCIAS DE LA ACTIVIDAD FÍSICA,PROVIDENCIA
56118,MEDICINA VETERINARIA,PROVIDENCIA
56218,MEDICINA VETERINARIA,SANTIAGO CENTRO
56318,MEDICINA VETERINARIA,LA FLORIDA
56418,MEDICINA VETERINARIA,MAIPÚ
56518,MEDICINA VETERINARIA,VIÑA DEL MAR
56618,MEDICINA VETERINARIA,CONCEPCIÓN
56718,MEDICINA VETERINARIA,MELIPILLA
56119,NUTRICIÓN Y DIETÉTICA,PROVIDENCIA
56219,NUTRICIÓN Y DIETÉTICA,SANTIAGO CENTRO
56519,NUTRICIÓN Y DIETÉTICA,VIÑA DEL MAR
56619,NUTRICIÓN Y DIETÉTICA,CONCEPCIÓN
56128,OBSTETRICIA Y PUERICULTURA,PROVIDENCIA
56528,OBSTETRICIA Y PUERICULTURA,VIÑA DEL MAR
56220,PEDAGOGÍA EN EDUCACIÓN BÁSICA,SANTIAGO CENTRO
56221,PEDAGOGÍA EN EDUCACIÓN DIFERENCIAL,SANTIAGO CENTRO
56222,PEDAGOGÍA EN EDUCACIÓN FÍSICA,SANTIAGO CENTRO
56223,PERIODISMO,SANTIAGO CENTRO
56124,PSICOLOGÍA,PROVIDENCIA
56224,PSICOLOGÍA,SANTIAGO CENTRO
56324,PSICOLOGÍA,LA FLORIDA
56424,PSICOLOGÍA,MAIPÚ
56524,PSICOLOGÍA,VIÑA DEL MAR
56624,PSICOLOGÍA,CONCEPCIÓN
56125,TERAPIA OCUPACIONAL,PROVIDENCIA
56525,TERAPIA OCUPACIONAL,VIÑA DEL MAR
56625,TERAPIA OCUPACIONAL,CONCEPCIÓN
56226,TRABAJO SOCIAL,SANTIAGO CENTRO
56127,TRADUCCIÓN E INTERPRETACIÓN EN INGLÉS,PROVIDENCIA
56527,TRADUCCIÓN E INTERPRETACIÓN EN INGLÉS,VIÑA DEL MAR
56627,TRADUCCIÓN E INTERPRETACIÓN EN INGLÉS,CONCEPCIÓN
32014,ADMINISTRACIÓN PUBLICA (1),PUERTO MONTT
32120,AGRONOMÍA (2),OSORNO
32161,ANTROPOLOGÍA (3),OSORNO
32001,ARQUITECTURA (4),PUERTO MONTT
32026,BIOLOGÍA MARINA (5),OSORNO
32011,CONTADOR PUBLICO Y AUDITOR (6),OSORNO
32160,DERECHO (7),OSORNO
32165,DERECHO (7),PUERTO MONTT
32048,EDUCACIÓN DIFERENCIAL CON ESPECIALIZACIÓN EN PROBLEMAS DE APRENDIZAJE (8)(P1),OSORNO
32051,EDUCACIÓN PARVULARIA (9)(P1),OSORNO
32005,ENFERMERÍA (10),PUERTO MONTT
32027,ENFERMERÍA (10),OSORNO
32130,FONOAUDIOLOGÍA (11),OSORNO
32020,INGENIERÍA AMBIENTAL (12),PUERTO MONTT
32007,INGENIERÍA CIVIL ELÉCTRICA (13),PUERTO MONTT
32003,INGENIERÍA CIVIL EN INFORMÁTICA (13),OSORNO
32150,INGENIERÍA CIVIL EN INFORMÁTICA (13),CASTRO
32006,INGENIERÍA   CIVIL   EN   OBRAS   CIVILES (13),PUERTO MONTT
32134,INGENIERÍA   CIVIL   EN   OBRAS   CIVILES (13),OSORNO
32154,INGENIERÍA CIVIL INDUSTRIAL (13),CASTRO
32012,INGENIERÍA COMERCIAL (14),OSORNO
32025,"INGENIERÍA EN
ACUICULTURA SOSTENIBLE (15)",OSORNO
32023,INGENIERÍA EN ALIMENTOS (16),OSORNO
32002,KINESIOLOGÍA (17),PUERTO MONTT
32028,KINESIOLOGÍA (17),OSORNO
32170,MEDICINA (18),OSORNO
32125,MEDICINA VETERINARIA (19),OSORNO
32016,INGENIERÍA CIVIL EN INFORMÁTICA (13),PUERTO MONTT
32018,INGENIERÍA CIVIL INDUSTRIAL (13),PUERTO MONTT
32029,NUTRICIÓN Y DIETÉTICA (28),OSORNO
32131,OBSTETRICIA Y PUERICULTURA (20),OSORNO
32138,OBSTETRICIA Y PUERICULTURA (20),PUERTO MONTT
32146,PEDAGOGÍA EN ARTES VISUALES (21)(P1),PUERTO MONTT
32055,PEDAGOGÍA    EN    EDUCACIÓN    BÁSICA MENCIÓN   LENGUAJE   Y   MATEMÁTICA (21)(P1),OSORNO
32059,PEDAGOGÍA  EN  EDUCACIÓN  GENERAL BÁSICA (21)(P1),CASTRO
32037,PEDAGOGÍA EN EDUCACIÓN MEDIA EN MATEMÁTICA Y COMPUTACIÓN (21)(P1),OSORNO
32039,PEDAGOGÍA EN EDUCACIÓN MEDIA EN EDUCACIÓN FÍSICA (21)(P1),OSORNO
32045,PEDAGOGÍA EN EDUCACIÓN MEDIA EN EDUCACIÓN FÍSICA (21)(P1),PUERTO MONTT
32034,PEDAGOGÍA EN EDUCACIÓN MEDIA EN HISTORIA Y GEOGRAFÍA (21)(P1),OSORNO
32042,PEDAGOGÍA EN EDUCACIÓN MEDIA EN INGLÉS (21)(P1),OSORNO
32043,"PEDAGOGÍA EN EDUCACIÓN MEDIA EN LENGUA CASTELLANA
Y COMUNICACIONES (21)(P1)",OSORNO
32145,PEDAGOGÍA EN MÚSICA(21)(P1),PUERTO MONTT
32163,PSICOLOGÍA (21),PUERTO MONTT
32162,PSICOLOGÍA (22),OSORNO
32164,PSICOLOGÍA (22),CASTRO
32140,QUÍMICA Y FARMACIA (23),PUERTO MONTT
32132,QUÍMICA Y FARMACIA (24),OSORNO
32136,TECNOLOGÍA MÉDICA (25),OSORNO
32133,TERAPIA OCUPACIONAL (26),PUERTO MONTT
32135,TERAPIA OCUPACIONAL (26),CASTRO
32061,TRABAJO SOCIAL (27),OSORNO
40090,ACTUACIÓN Y CREACIÓN TEATRAL,SANTIAGO
40001,ARQUITECTURA,SANTIAGO
40011,"BACHILLERATO EN ARTES, ARQUITECTURA Y DISEÑO",SANTIAGO
40056,BACHILLERATO EN CIENCIAS SOCIALES,SANTIAGO
40024,BACHILLERATO EN HUMANIDADES,SANTIAGO
40075,BACHILLERATO EN MEDICINA Y CIENCIAS BIOMÉDICAS,SANTIAGO
40055,CIENCIA POLÍTICA,SANTIAGO
40041,CONTADOR AUDITOR,SANTIAGO
40030,DERECHO,SANTIAGO
40043,DIRECCIÓN Y GESTIÓN DE ARTES CULINARIAS,SANTIAGO
40002,DISEÑO,SANTIAGO
40003,DISEÑO DE MODA Y MANAGEMENT,SANTIAGO
40073,ENFERMERÍA,SANTIAGO
40064,INGENIERÍA CIVIL BIOMÉDICA,SANTIAGO
40065,INGENIERÍA CIVIL EN INTELIGENCIA ARTIFICIAL Y REALIDAD VIRTUAL,SANTIAGO
40061,INGENIERÍA CIVIL INDUSTRIAL,SANTIAGO
40062,INGENIERÍA CIVIL INFORMÁTICA Y TELECOMUNICACIONES,SANTIAGO
40040,INGENIERÍA COMERCIAL,SANTIAGO
40042,INGENIERÍA EN INFORMACIÓN Y CONTROL DE GESTIÓN,SANTIAGO
40071,KINESIOLOGÍA,SANTIAGO
40010,LICENCIATURA EN ARTES VISUALES,SANTIAGO
40020,LICENCIATURA EN HISTORIA,SANTIAGO
40021,LICENCIATURA EN LITERATURA,SANTIAGO
40070,MEDICINA,SANTIAGO
40072,NUTRICIÓN Y DIETÉTICA,SANTIAGO
40080,ODONTOLOGÍA,SANTIAGO
40050,PEDAGOGÍA EN EDUCACIÓN BÁSICA,SANTIAGO
40051,PEDAGOGÍA EN EDUCACIÓN PARVULARIA,SANTIAGO
40022,PERIODISMO Y COMUNICACIÓN,SANTIAGO
40074,PSICOLOGÍA,SANTIAGO
40023,PUBLICIDAD,SANTIAGO
40054,SOCIOLOGÍA,SANTIAGO
39142,ADMINISTRACIÓN PÚBLICA,SANTIAGO
39101,AGRONOMÍA,SANTIAGO
39425,AGRONOMÍA,TEMUCO
39102,ANIMACIÓN DIGITAL,SANTIAGO
39423,ANIMACIÓN DIGITAL,TEMUCO
39103,ARQUITECTURA,SANTIAGO
39401,ARQUITECTURA,TEMUCO
39104,BIOTECNOLOGÍA,SANTIAGO
39105,CINE,SANTIAGO
39399,COMPOSICIÓN MUSICAL SUPERIOR (7),SANTIAGO
39107,DERECHO (1),SANTIAGO
39403,DERECHO (1),TEMUCO
39108,"DISEÑO MENCIÓN GRÁFICO, INDUSTRIAL O AMBIENTES (2)",SANTIAGO
39109,ENFERMERÍA,SANTIAGO
39405,ENFERMERÍA,TEMUCO
39144,ENTRENADOR DEPORTIVO,SANTIAGO
39110,FONOAUDIOLOGÍA,SANTIAGO
39406,FONOAUDIOLOGÍA,TEMUCO
39134,GEOLOGÍA,SANTIAGO
39111,INGENIERÍA CIVIL ELECTRÓNICA,SANTIAGO
39112,INGENIERÍA CIVIL EN COMPUTACIÓN E INFORMÁTICA,SANTIAGO
39143,INGENIERÍA CIVIL EN MINAS,SANTIAGO
39113,INGENIERÍA CIVIL INDUSTRIAL,SANTIAGO
39408,INGENIERÍA CIVIL INDUSTRIAL,TEMUCO
39114,INGENIERÍA COMERCIAL,SANTIAGO
39409,INGENIERÍA COMERCIAL,TEMUCO
39115,INGENIERÍA EN ADMINISTRACIÓN (3),SANTIAGO
39141,INGENIERÍA EN CIENCIA DE DATOS,SANTIAGO
39106,INGENIERÍA EN CONSTRUCCIÓN,SANTIAGO
39402,INGENIERÍA EN CONSTRUCCIÓN,TEMUCO
39398,INTERPRETACIÓN MUSICAL SUPERIOR (6),SANTIAGO
39117,KINESIOLOGÍA,SANTIAGO
39410,KINESIOLOGÍA,TEMUCO
39118,MEDICINA,SANTIAGO
39411,MEDICINA,TEMUCO
39119,MEDICINA VETERINARIA,SANTIAGO
39412,MEDICINA VETERINARIA,TEMUCO
39120,NUTRICIÓN Y DIETÉTICA,SANTIAGO
39413,NUTRICIÓN Y DIETÉTICA,TEMUCO
39121,OBSTETRICIA Y PUERICULTURA,SANTIAGO
39414,OBSTETRICIA Y PUERICULTURA,TEMUCO
39122,ODONTOLOGÍA,SANTIAGO
39415,ODONTOLOGÍA,TEMUCO
39125,"PEDAGOGÍA EN EDUCACIÓN FÍSICA, DEPORTES Y RECREACIÓN
PARA EDUCACIÓN BÁSICA Y MEDIA (5)",SANTIAGO
39129,PSICOLOGÍA,SANTIAGO
39419,PSICOLOGÍA,TEMUCO
39132,TECNOLOGÍA MEDICA (4),SANTIAGO
39420,TECNOLOGÍA MEDICA (4),TEMUCO
39133,TERAPIA OCUPACIONAL,SANTIAGO
39421,TERAPIA OCUPACIONAL,TEMUCO
15180,ARQUITECTURA,CAMPUS CASA CENTRAL VALPARAÍSO
15380,ARQUITECTURA,CAMPUS SANTIAGO SAN JOAQUÍN
15110,CONSTRUCCIÓN CIVIL,CAMPUS CASA CENTRAL VALPARAÍSO
15111,INGENIERÍA CIVIL,CAMPUS CASA CENTRAL VALPARAÍSO
15311,INGENIERÍA CIVIL,CAMPUS SANTIAGO SAN JOAQUÍN
15151,INGENIERÍA CIVIL AMBIENTAL,CAMPUS CASA CENTRAL VALPARAÍSO
15312,INGENIERÍA CIVIL DE MINAS,CAMPUS SANTIAGO SAN JOAQUÍN
15130,INGENIERÍA CIVIL ELÉCTRICA,CAMPUS CASA CENTRAL VALPARAÍSO
15330,INGENIERÍA CIVIL ELÉCTRICA,CAMPUS SANTIAGO SAN JOAQUÍN
15131,INGENIERÍA CIVIL ELECTRÓNICA,CAMPUS CASA CENTRAL VALPARAÍSO
15186,INGENIERÍA CIVIL EN BIOTECNOLOGÍA,CAMPUS CASA CENTRAL VALPARAÍSO
15184,INGENIERÍA CIVIL FÍSICA,CAMPUS CASA CENTRAL VALPARAÍSO
15384,INGENIERÍA CIVIL FÍSICA,CAMPUS SANTIAGO SAN JOAQUÍN
15170,INGENIERÍA CIVIL INDUSTRIAL,CAMPUS CASA CENTRAL VALPARAÍSO
15270,INGENIERÍA CIVIL INDUSTRIAL,CAMPUS SANTIAGO VITACURA
15160,INGENIERÍA CIVIL INFORMÁTICA,CAMPUS CASA CENTRAL VALPARAÍSO
15360,INGENIERÍA CIVIL INFORMÁTICA,CAMPUS SANTIAGO SAN JOAQUÍN
15101,INGENIERÍA CIVIL MATEMÁTICA,CAMPUS CASA CENTRAL VALPARAÍSO
15301,INGENIERÍA CIVIL MATEMÁTICA,CAMPUS SANTIAGO SAN JOAQUÍN
15140,INGENIERÍA CIVIL MECÁNICA,CAMPUS CASA CENTRAL VALPARAÍSO
15340,INGENIERÍA CIVIL MECÁNICA,CAMPUS SANTIAGO SAN JOAQUÍN
15141,INGENIERÍA CIVIL METALÚRGICA,CAMPUS CASA CENTRAL VALPARAÍSO
15100,INGENIERÍA CIVIL PLAN COMÚN (1),CAMPUS CASA CENTRAL VALPARAÍSO
15300,INGENIERÍA CIVIL PLAN COMÚN (1),CAMPUS SANTIAGO SAN JOAQUÍN
15150,INGENIERÍA CIVIL QUÍMICA,CAMPUS CASA CENTRAL VALPARAÍSO
15350,INGENIERÍA CIVIL QUÍMICA,CAMPUS SANTIAGO SAN JOAQUÍN
15161,INGENIERÍA CIVIL TELEMÁTICA,CAMPUS CASA CENTRAL VALPARAÍSO
15361,INGENIERÍA CIVIL TELEMÁTICA,CAMPUS SANTIAGO SAN JOAQUÍN
15171,INGENIERÍA COMERCIAL,CAMPUS CASA CENTRAL VALPARAÍSO
15271,INGENIERÍA COMERCIAL,CAMPUS SANTIAGO VITACURA
15220,INGENIERÍA EN AVIACIÓN COMERCIAL,CAMPUS SANTIAGO VITACURA
15485,INGENIERÍA EN BIOTECNOLOGÍA,SEDE VIÑA DEL MAR
15585,INGENIERÍA EN BIOTECNOLOGÍA,SEDE CONCEPCIÓN
15181,INGENIERÍA EN DISEÑO DE PRODUCTOS,CAMPUS CASA CENTRAL VALPARAÍSO
15381,INGENIERÍA EN DISEÑO DE PRODUCTOS,CAMPUS SANTIAGO SAN JOAQUÍN
15441,INGENIERÍA EN FABRICACIÓN Y DISEÑO INDUSTRIAL,SEDE VIÑA DEL MAR
15462,INGENIERÍA EN INFORMÁTICA,SEDE VIÑA DEL MAR
15562,INGENIERÍA EN INFORMÁTICA,SEDE CONCEPCIÓN
15440,INGENIERÍA EN MANTENIMIENTO INDUSTRIAL,SEDE VIÑA DEL MAR
15540,INGENIERÍA EN MANTENIMIENTO INDUSTRIAL,SEDE CONCEPCIÓN
15474,INGENIERÍA EN PREVENCIÓN DE RIESGOS LABORALES Y AMBIENTALES,SEDE VIÑA DEL MAR
15574,INGENIERÍA EN PREVENCIÓN DE RIESGOS LABORALES Y AMBIENTALES,SEDE CONCEPCIÓN
15103,LICENCIATURA EN ASTROFÍSICA,CAMPUS CASA CENTRAL VALPARAÍSO
15303,LICENCIATURA EN ASTROFÍSICA,CAMPUS SANTIAGO SAN JOAQUÍN
15102,LICENCIATURA EN FÍSICA,CAMPUS CASA CENTRAL VALPARAÍSO
15302,LICENCIATURA EN FÍSICA,CAMPUS SANTIAGO SAN JOAQUÍN